id,pathId,Category,Topic,Priority,Notes,PracticeExercise,link
1,csharp,.NET & C# Advanced,Advanced LINQ,High,"Explain deferred execution vs. immediate execution in detail. Discuss how to build dynamic queries using Expression Trees.","Write a function that takes a collection of objects and a string representing a property name and a value. Use Expression Trees to dynamically build a LINQ query that filters the collection based on the property and value.",https://nhonvo.github.io/posts/2025-09-06-advanced-linq
2,csharp,.NET & C# Advanced,Advanced Reflection and Roslyn,High,"Discuss the performance implications of reflection. Explain how to use the Roslyn compiler API for code analysis and generation.","Write a simple Roslyn analyzer that identifies and flags the use of DateTime.Now in code, suggesting DateTime.UtcNow as a best practice.",https://nhonvo.github.io/posts/2025-09-06-advanced-reflection-roslyn
3,csharp,.NET & C# Advanced,"Async/Await Deep Dive (State Machine, SynchronizationContext, ConfigureAwait)",High,"Be ready to explain the async state machine and demonstrate with code how a deadlock can occur (e.g., in a UI or classic ASP.NET context) and how ConfigureAwait(false) helps prevent it.","Create a simple Console App that calls an async method and blocks on the result (e.g., using .Result or .Wait()). Explain why it deadlocks in some environments. Modify the async method to use ConfigureAwait(false) and explain why that resolves the issue.",https://nhonvo.github.io/posts/2025-09-06-async-await-deep-dive
4,csharp,.NET & C# Advanced,Channels for Producer/Consumer Scenarios,High,Explain how System.Threading.Tasks.Channels can be used to create efficient producer/consumer workflows. Compare them to other synchronization primitives like BlockingCollection.,"Implement a background service that processes items from a queue. Use a Channel to pass data from a 'producer' (e.g., a controller endpoint) to a 'consumer' (the background service) in a thread-safe and asynchronous manner.",https://nhonvo.github.io/posts/2025-09-07-channels-producer-consumer-scenarios
5,csharp,.NET & C# Advanced,"Delegates, Events, Func<T>, Action<T>",High,Understand common use cases like event-driven architecture and callbacks.,"Create a 'Worker' class that performs a long-running operation. Define an event in this class called 'ProgressChanged'. Create a UI or Console class that subscribes to this event and reports the progress. Trigger the event from within the worker's operation.",https://nhonvo.github.io/posts/2025-09-06-delegates-events-func-action
6,csharp,.NET & C# Advanced,"Dependency Injection (Scopes: Singleton, Scoped, Transient)",High,"Explain the differences and when to use each scope in an ASP.NET Core application. Discuss the danger of Captive Dependencies.","In an ASP.NET Core API, create a simple service interface (e.g., IOperationLogger) and an implementation that has a unique ID (e.g., a Guid) set in its constructor. Register this service three times: once as Singleton, once as Scoped, and once as Transient. Inject all three into a controller and log their unique IDs on a single request to demonstrate the lifetime differences.",https://nhonvo.github.io/posts/2025-09-06-dependency-injection-scopes
7,csharp,.NET & C# Advanced,"Garbage Collection (Generations, LOH, Finalization, IDisposable)",High,"Understand how the GC works to write memory-efficient code. Explain the Dispose pattern.","Create a class that wraps an unmanaged resource (like a file stream). Implement the IDisposable pattern correctly, including a finalizer. Write client code to demonstrate its use with a 'using' statement and explain why both Dispose and the finalizer are needed.",https://nhonvo.github.io/posts/2025-09-06-garbage-collection
8,csharp,.NET & C# Advanced,"LINQ Internals (IQueryable vs. IEnumerable, Deferred Execution)",High,Explain how this impacts database queries with Entity Framework.,"Using EF Core and an in-memory database, write a query against a DbSet<Product>. First, use .AsEnumerable() before a .Where() clause and inspect the generated query. Then, write the same logic but use .AsQueryable() (or just chain the .Where() directly) and explain the difference in the executed SQL.",https://nhonvo.github.io/posts/2025-09-06-linq-internals
9,csharp,.NET & C# Advanced,"Memory Management (Stack vs. Heap, Value vs. Reference Types, Boxing/Unboxing)",High,Understand value types vs reference types and boxing/unboxing implications.,"Write code that passes a struct and a class to a method, modifies their properties inside the method, and prints the values before and after the call to demonstrate the difference. Create a scenario that causes extensive boxing and explain the performance hit.",https://nhonvo.github.io/posts/2025-09-06-memory-management
10,csharp,.NET & C# Advanced,Multithreading vs. Asynchronous Programming,High,Distinguish between CPU-bound and I/O-bound operations and when to use threads vs async/await.,"Write a program that calculates a heavy mathematical sequence (CPU bound) using Parallel.ForEach or Threads. Then write a program that fetches data from multiple URLs (I/O bound) using async/await. Measure and compare the performance and resource usage.",https://nhonvo.github.io/posts/2025-09-06-multithreading-vs-async
11,csharp,.NET & C# Advanced,.NET Generic Host & Application Lifetime,High,"Understand the startup process, DI container composition, and background services (IHostedService / BackgroundService).","Create a .NET Generic Host console application. Register a BackgroundService that runs a periodic task. Explain the application lifecycle events (StartAsync, StopAsync).",https://nhonvo.github.io/posts/2025-09-06-generic-host
12,csharp,.NET & C# Advanced,Expression Trees,Medium,Understand how code can be represented as data and manipulated at runtime. This is key for libraries like EF Core and AutoMapper.,"Create a simple expression tree manually that represents a lambda expression like 'x => x > 5'. Compile and execute it.",https://nhonvo.github.io/posts/2025-09-07-expression-trees
13,csharp,.NET & C# Advanced,High-Performance .NET with Span<T> and Memory<T>,Medium,"Know how to work with memory efficiently without allocations, especially for string parsing and buffer manipulation.","Write a method that parses a large string (e.g., a comma-separated line) using Substring (creating new strings) and then rewrite it using Span<T> (slice without allocation). Benchmark the two approaches.",https://nhonvo.github.io/posts/2025-09-07-span-memory
14,csharp,.NET & C# Advanced,IAsyncEnumerable & Streaming APIs,Medium,"Understand how to stream data asynchronously, which is useful for processing large datasets without loading everything into memory.","Create an API endpoint that returns an IAsyncEnumerable<int>. Consume this endpoint from a client application using the 'await foreach' statement.",https://nhonvo.github.io/posts/2025-09-07-iasyncenumerable-streaming
15,csharp,.NET & C# Advanced,Source Generators,Medium,Understand how to generate code at compile time to improve performance (avoiding reflection) and reduce boilerplate.,"Create a simple Source Generator that automatically implements the INotifyPropertyChanged interface for any class decorated with a custom attribute.",https://nhonvo.github.io/posts/2025-09-07-source-generators
16,csharp,.NET & C# Advanced,Unsafe Code and Pointers,Medium,Know when and how to use the 'unsafe' keyword and pointers for interoperability or extreme performance optimization.,"Write a method using 'unsafe' that copies data from one integer array to another using pointers. Explain the risks involved.",https://nhonvo.github.io/posts/2025-09-06-unsafe-code-pointers
17,csharp,ASP.NET Core,Advanced Authentication & Authorization,High,"Deep dive into Claims, Policies, Roles, and custom Authorization Handlers.","Implement a custom Authorization Handler that checks a specific claim (e.g., 'OfficeLocation') and logic (e.g., 'must be in NY'). Register it as a Policy and apply it to a Controller.",https://nhonvo.github.io/posts/2025-09-06-advanced-auth
18,csharp,ASP.NET Core,API Security (OWASP Top 10),High,"Discuss how to prevent common vulnerabilities (e.g., SQL Injection, XSS, CSRF) within the ASP.NET Core framework.","Create an API endpoint that takes a raw string and uses it to build a SQL query with string concatenation. Explain why this is vulnerable to SQL Injection. Refactor the code to use parameterized queries (e.g., with Dapper or EF Core's FromSqlRaw) to prevent the vulnerability.",https://nhonvo.github.io/posts/2025-09-06-api-security
19,csharp,ASP.NET Core,Authentication vs. Authorization,High,"Explain common schemes like JWT, OAuth 2.0, OpenID Connect, and Cookie-based authentication.","Create two API endpoints. Secure one with [Authorize]. Secure the second with a custom policy-based authorization requirement (e.g., [Authorize(Policy = IsAdmin"")]). Implement the policy and handler to check for a specific claim in the user's identity.""",https://nhonvo.github.io/posts/2025-09-06-authentication-vs-authorization
20,csharp,ASP.NET Core,"Configuration Management (appsettings, User Secrets, Environment Variables, Azure Key Vault)",High,"Understand the configuration hierarchy and how to manage secrets safely.","Create an app that reads settings from appsettings.json, environment variables, and User Secrets. Show how environment variables override appsettings values.",https://nhonvo.github.io/posts/2025-09-06-configuration-management
21,csharp,ASP.NET Core,"Filters (Action, Authorization, Exception, Resource, Result)",High,Describe the filter pipeline and provide use cases for each type of filter.,Create a custom Action Filter attribute that logs the time it takes for an action method to execute. Apply this filter to a controller action and verify that it logs the timing information correctly.,https://nhonvo.github.io/posts/2025-09-06-filters
22,csharp,ASP.NET Core,Middleware Pipeline,High,Explain how the request pipeline is built and the importance of middleware ordering.,"Create a custom middleware component that logs the request path and a custom response header. Register it in the pipeline. Then, register a second piece of middleware that short-circuits the pipeline (doesn't call next). Demonstrate how changing the order of these two middleware components affects the application's behavior.",https://nhonvo.github.io/posts/2025-09-06-middleware-pipeline
23,csharp,ASP.NET Core,Advanced Model Validation (FluentValidation),Medium,Move validation logic out of controllers and DTOs into dedicated validators.,"Integrate FluentValidation into an ASP.NET Core project. Create a complex validator for a 'UserRegistration' DTO that checks if the email is unique (simulated DB check) and if the password meets complexity requirements.",https://nhonvo.github.io/posts/2025-09-06-advanced-model-validation
24,csharp,ASP.NET Core,API Documentation with OpenAPI/Swagger,Medium,Maintain clear docs for 24/7 operations.,"Add Swashbuckle (Swagger) to an API. Configure it to generate XML comments documentation. Decorate a controller action with [ProducesResponseType] attributes to document possible HTTP status codes.",https://nhonvo.github.io/posts/2025-09-06-api-documentation
25,csharp,ASP.NET Core,"API Versioning Strategies (URL, Header, Query String)",Medium,Discuss the pros and cons of each approach.,"Using the Asp.Versioning.Mvc library, create a single controller with two action methods that respond to the same route. One method should be for API version 1.0, and the other for 2.0. Configure the application to support URL-segment-based versioning (e.g., /api/v1/products).",https://nhonvo.github.io/posts/2025-09-06-api-versioning
26,csharp,ASP.NET Core,CORS Policies and Security,Medium,Understand Cross-Origin Resource Sharing and how to configure it securely.,"Create an API and a separate simple HTML/JS client running on a different port. Configure CORS in the API to allow requests only from the client's origin.",https://nhonvo.github.io/posts/2025-09-06-cors-policies
27,csharp,ASP.NET Core,gRPC vs. REST,Medium,Understand when to use gRPC (internal microservices) vs REST (public APIs).,"Create a simple gRPC service definition (.proto file). Implement the service in ASP.NET Core. Create a client to consume it and compare the code/performance to a standard REST controller.",https://nhonvo.github.io/posts/2025-09-06-grpc-vs-rest
28,csharp,ASP.NET Core,"Health Checks and Resilience (Polly)",Medium,"Implement health checks for dependencies (DB, external APIs). Understand Retry, Circuit Breaker patterns.","Add Health Checks to an API to report the status of the database connection. Use Polly to wrap an external HTTP call with a Retry policy (retry 3 times with exponential backoff).",https://nhonvo.github.io/posts/2025-09-06-health-checks-resilience
29,csharp,ASP.NET Core,"Hosting Models (Kestrel, IIS, Docker)",Medium,Understand the differences and when to use each hosting model.,"Dockerize a simple ASP.NET Core API. Run it in a container. Compare this to running it directly on IIS Express (if possible) or via Kestrel.",https://nhonvo.github.io/posts/2025-09-06-hosting-models
30,csharp,ASP.NET Core,HttpClientFactory for Resilient HTTP Requests,Medium,Avoid socket exhaustion issues and manage HttpClient lifetimes properly.,"Register a named HttpClient in the DI container. Inject IHttpClientFactory into a service and use it to create a client to call an external API.",https://nhonvo.github.io/posts/2025-09-06-httpclientfactory
31,csharp,ASP.NET Core,Minimal APIs vs. Controllers,Medium,Contrast the Minimal API approach with the traditional Controller-based approach.,"Refactor a simple Controller-based API endpoint (e.g., GetWeather) into a Minimal API endpoint in Program.cs. Discuss the pros and cons (boilerplate vs structure).",https://nhonvo.github.io/posts/2025-09-06-minimal-apis
32,csharp,ASP.NET Core,Response Caching & Compression,Medium,Optimize API performance by reducing bandwidth and server load.,"Implement Response Caching in a controller. Use the [ResponseCache] attribute. Also, enable Response Compression middleware for the application.",https://nhonvo.github.io/posts/2025-09-06-response-caching
33,csharp,Behavioral & System Design,Agile/Scrum Methodologies,Medium,Understanding the development process.,Explain the difference between Scrum and Kanban. Describe the purpose of key ceremonies (Daily Standup, Sprint Planning, Retro).,https://nhonvo.github.io/posts/2025-09-06-agile-scrum
34,csharp,Behavioral & System Design,"Behavioral Questions (STAR Method)",Medium,Soft skills and cultural fit.,"Prepare answers for common questions: 'Tell me about a time you failed', 'How do you handle conflict', 'Describe a challenging project'. Use the Situation, Task, Action, Result format.",https://nhonvo.github.io/posts/2025-09-06-behavioral-questions
35,csharp,Behavioral & System Design,Code Review Best Practices,Medium,Quality assurance and team collaboration.,Explain what you look for in a code review (readability, correctness, security, performance). How do you give constructive feedback?,https://nhonvo.github.io/posts/2025-09-06-code-review
36,csharp,Behavioral & System Design,"System Design (Scalability, Load Balancing, Caching, CAP Theorem)",Medium,Designing scalable systems.,"Design a URL Shortener service (like bit.ly). Discuss database choice, ID generation strategy, caching layers, and handling high read traffic.",https://nhonvo.github.io/posts/2025-09-06-system-design
37,csharp,Behavioral & System Design,Technical Communication,Medium,Explaining complex concepts to non-technical stakeholders.,Explain 'Recursion' or 'DNS' to a 5-year-old (or a non-technical project manager).,https://nhonvo.github.io/posts/2025-09-06-technical-communication
38,csharp,Cloud & DevOps (Azure/AWS),Application Insights & Monitoring,High,"Logging, Tracing, Alerts.","Integrate Application Insights into a .NET Core app. Generate some traffic and inspect the 'Failures' and 'Performance' blades in the Azure Portal.",https://nhonvo.github.io/posts/2025-09-06-app-insights
39,csharp,Cloud & DevOps (Azure/AWS),Azure App Service & Hosting,High,"Deploying Web Apps, Slots, Scaling.","Deploy a web app to Azure App Service. Configure a 'Staging' deployment slot. Swap Staging to Production.",https://nhonvo.github.io/posts/2025-09-06-azure-app-service
40,csharp,Cloud & DevOps (Azure/AWS),Azure Functions (Serverless),High,"Triggers (HTTP, Timer, Queue), Bindings.","Create an Azure Function triggered by an HTTP request that puts a message onto an Azure Storage Queue.",https://nhonvo.github.io/posts/2025-09-06-azure-functions
41,csharp,Cloud & DevOps (Azure/AWS),"Azure SQL & Storage (Blob, Table, Queue)",High,Managed databases and cloud storage options.,"Write a small app that uploads a file to Azure Blob Storage and saves metadata to Azure SQL (or Table Storage).",https://nhonvo.github.io/posts/2025-09-06-azure-storage
42,csharp,Cloud & DevOps (Azure/AWS),"CI/CD Pipelines (Azure DevOps / GitHub Actions)",High,"Build, Test, and Release automation.","Create a GitHub Action or Azure DevOps Pipeline that builds a .NET project, runs tests, and (if successful) deploys it to an Azure App Service.",https://nhonvo.github.io/posts/2025-09-06-ci-cd-pipelines
43,csharp,Cloud & DevOps (Azure/AWS),Azure Key Vault,Medium,Secret management.,"Store a database connection string in Key Vault. Configure the App Service to read this secret using Managed Identity (no passwords in code!).",https://nhonvo.github.io/posts/2025-09-06-azure-key-vault
44,csharp,Cloud & DevOps (Azure/AWS),Azure Service Bus / Event Grid,Medium,"Messaging patterns (Queues, Topics).","Create a Service Bus Topic. Write a publisher app that sends messages. Write two subscriber apps that listen to the same topic but different subscriptions (Pub/Sub pattern).",https://nhonvo.github.io/posts/2025-09-06-azure-service-bus
45,csharp,Cloud & DevOps (Azure/AWS),"Containerization (Docker & Kubernetes/AKS)",Medium,"Basics of Docker files, composing, and orchestration.","Write a Dockerfile for a .NET app. Build the image. Push it to Azure Container Registry (ACR). Deploy it to a local Kubernetes cluster (or AKS).",https://nhonvo.github.io/posts/2025-09-06-containerization
46,csharp,Cloud & DevOps (Azure/AWS),Distributed Caching (Redis),Medium,Caching strategies in a distributed environment.,"Implement Redis caching in a .NET app using the IDistributedCache interface. Cache a value and retrieve it.",https://nhonvo.github.io/posts/2025-09-06-redis-caching
47,csharp,Cloud & DevOps (Azure/AWS),"Infrastructure as Code (Bicep / Terraform)",Medium,Provisioning resources via code.,"Write a Bicep or Terraform script to provision an Azure Resource Group and an App Service Plan.",https://nhonvo.github.io/posts/2025-09-06-iac
48,csharp,Cloud & DevOps (Azure/AWS),Microservices Architecture on Azure,Medium,API Gateway, Service Discovery (conceptually).,Design a simple microservices system diagram using Azure API Management (APIM) as a gateway and Azure Container Apps for hosting services.,https://nhonvo.github.io/posts/2025-09-06-microservices-azure
49,csharp,Cloud & DevOps (Azure/AWS),Identity Management (Azure AD / B2C),Low,Modern auth flows.,"Register an application in Azure AD. Configure a .NET Core API to protect endpoints using Azure AD Bearer tokens.",https://nhonvo.github.io/posts/2025-09-06-azure-ad
50,csharp,Data Access & Databases,"Database Concurrency Control (Pessimistic vs. Optimistic)",High,"Handle the 'Lost Update' problem.","Implement Optimistic Concurrency Control using a RowVersion (Timestamp) column in EF Core. Write a test case where two users try to update the same record simultaneously and handle the DbUpdateConcurrencyException.",https://nhonvo.github.io/posts/2025-09-06-db-concurrency
51,csharp,Data Access & Databases,"EF Core (Change Tracking, Loading Strategies: Eager, Explicit, Lazy)",High,"Understand the difference between Tracking and NoTracking queries, and Eager vs Lazy loading.","Create a scenario where accessing a navigation property triggers an N+1 query problem (Lazy Loading). Fix it using Eager Loading (.Include). Then demonstrate an Explicit Load.",https://nhonvo.github.io/posts/2025-09-06-ef-core-change-tracking
52,csharp,Data Access & Databases,"EF Core Performance Tuning (AsNoTracking, Compiled Queries, Query Splitting)",High,"Know techniques to optimize EF Core read/write performance.","Write a query that retrieves a large dataset. Optimize it using AsNoTracking(). Then, use Compiled Queries (or just explain the concept) to improve reuse performance. Use Query Splitting for a complex join.",https://nhonvo.github.io/posts/2025-09-06-ef-core-performance
53,csharp,Data Access & Databases,"SQL Query Optimization (Execution Plans, Indexing)",High,Ability to read an execution plan and identify missing indexes or scans vs seeks.,"Given a slow SQL query generated by an app, analyze its execution plan in SSMS (or Azure Data Studio). identifying a Table Scan. Create an appropriate Non-Clustered Index to convert it to an Index Seek.",https://nhonvo.github.io/posts/2025-09-06-sql-optimization
54,csharp,Data Access & Databases,Transaction Isolation Levels,High,Understand Dirty Reads, Non-Repeatable Reads, Phantom Reads.,"Write two console apps that act as concurrent transactions. Demonstrate a Dirty Read by having one transaction read uncommitted data from the other. Fix it by changing the Isolation Level to Read Committed.",https://nhonvo.github.io/posts/2025-09-06-transaction-isolation
55,csharp,Data Access & Databases,Advanced Database Indexing,Medium,"Clustered vs Non-Clustered, Filtered Indexes, Included Columns.","Create a query that requires sorting and filtering. Create a Composite Index that satisfies both requirements (Covering Index) so the query doesn't need to touch the main table (Key Lookup).",https://nhonvo.github.io/posts/2025-09-06-advanced-indexing
56,csharp,Data Access & Databases,Dapper vs. EF Core,Medium,"Know when to use a micro-ORM (Dapper) vs a full ORM (EF Core).","Implement a high-performance read operation using Dapper for a complex report query. Compare the implementation code and execution speed with the equivalent EF Core LINQ query.",https://nhonvo.github.io/posts/2025-09-06-dapper-vs-ef-core
57,csharp,Data Access & Databases,Data Annotation vs. Fluent API,Medium,Know how to configure entities without polluting the model classes.,"Take an Entity class with Data Annotations (e.g., [Key], [Required]). Remove them and implement the same configuration using the Fluent API in the DbContext OnModelCreating method.",https://nhonvo.github.io/posts/2025-09-06-fluent-api
58,csharp,Data Access & Databases,EF Core Global Query Filters,Medium,Implement Soft Delete or Multi-tenancy automatically.,"Implement a Soft Delete pattern (IsDeleted column). Configure a Global Query Filter in EF Core so that all queries automatically exclude deleted records. Demonstrate how to bypass this filter using IgnoreQueryFilters().",https://nhonvo.github.io/posts/2025-09-06-global-query-filters
59,csharp,Data Access & Databases,EF Core Interceptors,Medium,Hook into EF Core operations for logging or auditing.,"Create an EF Core Interceptor that logs every SQL command to the console before it is executed. Or, implement an interceptor that automatically updates 'CreatedBy' and 'CreatedDate' fields on SaveChanges.",https://nhonvo.github.io/posts/2025-09-06-ef-core-interceptors
60,csharp,Data Access & Databases,EF Core Migrations Deep Dive,Medium,Manage database schema changes in production safely.,"Create a migration that adds a new column. Then, assume the requirement changed. Remove the migration (if not applied) or create a new migration to rename the column. Explain how to generate an SQL script from migrations for production deployment.",https://nhonvo.github.io/posts/2025-09-06-ef-core-migrations
61,csharp,Data Access & Databases,EF Core Second-Level Caching,Medium,Understand how to cache query results to reduce DB load (using libraries like EFCore.SecondLevelCacheInterceptor).,"Configure Second-Level Caching in an EF Core project (using a library or conceptually explaining it). Cache the results of a commonly used reference data query (e.g., 'GetCountries').",https://nhonvo.github.io/posts/2025-09-06-ef-core-caching
62,csharp,Data Access & Databases,EF Core Shadow Properties & Backing Fields,Medium,Work with properties that are not in the .NET class definition but exist in the DB.,"Configure a Shadow Property 'LastUpdated' for an entity. specific that it should be managed by the DbContext, not the entity class.",https://nhonvo.github.io/posts/2025-09-06-shadow-properties
63,csharp,Data Access & Databases,Executing Raw SQL and Stored Procedures,Medium,How to drop down to raw SQL when EF is too slow or limited.,"Write a complex Stored Procedure in the DB. Call it from EF Core using .FromSqlRaw() or .ExecuteSqlRaw(). Map the result back to a Domain Entity or a custom DTO.",https://nhonvo.github.io/posts/2025-09-06-raw-sql
64,csharp,Data Access & Databases,NoSQL Database Concepts,Medium,"Understand when to choose NoSQL (CosmosDB, Mongo) over SQL.","Design a data model for a 'User Session' store or a 'Product Catalog' with dynamic attributes. Explain why a Document DB (like MongoDB or CosmosDB) might be better than a Relational DB for this specific use case.",https://nhonvo.github.io/posts/2025-09-06-nosql-concepts
65,csharp,Data Access & Databases,Reverse Engineering an Existing Database,Medium,Scaffolding a DbContext from a legacy DB.,"Use the 'dotnet ef dbcontext scaffold' command to generate entity classes and a DbContext from an existing SQL Server database.",https://nhonvo.github.io/posts/2025-09-06-db-scaffolding
66,csharp,Software Design & Architecture,"Design Patterns (Factory, Observer, Strategy, Singleton)",High,Recognize and apply common patterns to solve recurring problems.,"Implement the Strategy Pattern for a Payment Processing system (e.g., CreditCardStrategy, PaypalStrategy). Allow the client to switch strategies at runtime.",https://nhonvo.github.io/posts/2025-09-06-design-patterns
67,csharp,Software Design & Architecture,SOLID Principles,High,The foundation of clean object-oriented design.,"Refactor a 'God Class' that violates SRP (Single Responsibility) and OCP (Open/Closed). Break it down into smaller classes/interfaces. Show how you can now extend functionality without modifying existing code.",https://nhonvo.github.io/posts/2025-09-06-solid-principles
68,csharp,Software Design & Architecture,Clean Architecture / Onion Architecture,Medium,Separation of concerns, Dependency Rule.,"Create a solution structure following Clean Architecture (Core, Infrastructure, Web/API). Implement a simple use case ensuring the Core layer has no dependencies on Infrastructure.",https://nhonvo.github.io/posts/2025-09-06-clean-architecture
69,csharp,Software Design & Architecture,CQRS (Command Query Responsibility Segregation),Medium,Separating read and write models.,"Implement a simplified CQRS pattern using MediatR. Create a Command to update data and a Query to read data, handled by separate handlers.",https://nhonvo.github.io/posts/2025-09-06-cqrs
70,csharp,Software Design & Architecture,Domain-Driven Design (DDD) Basics,Medium,Entities, Value Objects, Aggregates, Repositories.,"Model a 'Order' Aggregate Root that contains a list of 'OrderItem' entities. Ensure that OrderItems can only be added via a method on the Order class (Encapsulation), enforcing invariants (e.g., max quantity).",https://nhonvo.github.io/posts/2025-09-06-ddd-basics
71,csharp,Software Design & Architecture,Microservices Patterns (API Gateway, Circuit Breaker, Saga),Medium,Understanding distributed system challenges.,"Explain the Saga pattern for a distributed transaction (e.g., Order -> Payment -> Inventory). Implement a simulated compensation action if one step fails.",https://nhonvo.github.io/posts/2025-09-06-microservices-patterns
72,csharp,Software Design & Architecture,Event Sourcing,Low,Storing state as a sequence of events.,"Create a simple BankAccount class that reconstructs its balance by replaying a list of 'Deposited' and 'Withdrawn' events.",https://nhonvo.github.io/posts/2025-09-06-event-sourcing
73,csharp,Software Design & Architecture,Modular Monolith,Low,"A pragmatic alternative to microservices.","Refactor a monolithic app into distinct Modules (e.g., Catalog, Cart) that enforce boundaries (internal classes) and communicate only via public APIs or events.",https://nhonvo.github.io/posts/2025-09-06-modular-monolith
74,csharp,Software Design & Architecture,Serverless Architecture Patterns,Low,Event-driven designs.,"Design a system where a file upload to Blob Storage triggers a Function to process it, which then updates a database. Draw the flow.",https://nhonvo.github.io/posts/2025-09-06-serverless-architecture
75,csharp,Software Design & Architecture,Specification Pattern,Low,Encapsulating query logic.,"Create a Specification class 'ActiveProductsSpec' that encapsulates the logic 'IsActive == true && Stock > 0'. Use it to filter a repository query.",https://nhonvo.github.io/posts/2025-09-06-specification-pattern
76,csharp,Testing,Integration Testing with TestServer/WebApplicationFactory,High,Test the entire pipeline without hitting a real database (or using a test DB).,"Create an integration test for an API endpoint using WebApplicationFactory. Mock the database layer (or use an In-Memory/Docker DB) and assert that the endpoint returns the correct HTTP status code and JSON response.",https://nhonvo.github.io/posts/2025-09-06-integration-testing
77,csharp,Testing,Mocking Dependencies (Moq/NSubstitute),High,Isolate the unit under test.,Write a unit test for a Service class that depends on a Repository. Use Moq to mock the Repository's method to return a specific value. Assert that the Service logic handles this value correctly.,https://nhonvo.github.io/posts/2025-09-06-mocking-dependencies
78,csharp,Testing,Unit Testing Principles (Arrange-Act-Assert),High,"Write clean, maintainable tests.","Take a complex method with multiple execution paths. Write unit tests covering the 'Happy Path' and at least two edge cases (e.g., null input, empty list). Follow the AAA pattern.",https://nhonvo.github.io/posts/2025-09-06-unit-testing-principles
79,csharp,Testing,Snapshot Testing,Medium,Useful for testing complex object structures or UI rendering.,"Write a test that serializes a complex object graph and compares it to a stored 'baseline' snapshot. Fail the test if they differ.",https://nhonvo.github.io/posts/2025-09-06-snapshot-testing
80,csharp,Testing,Test Driven Development (TDD),Medium,Understand the Red-Green-Refactor cycle.,"Choose a simple algorithm (e.g., String Calculator). Write a failing test first. Write the minimal code to pass it. Refactor. Repeat.",https://nhonvo.github.io/posts/2025-09-06-tdd
81,java,Cloud & DevOps (AWS Focus),"AWS Essentials (EC2, S3, RDS)",High,"JD Requirement: Deploy and manage applications on AWS. Understand Compute (EC2), Storage (S3), and Database (RDS).","Create a free-tier AWS account. Launch an EC2 instance with Java installed. Connect to it via SSH. Create an S3 bucket and write a Java program using the AWS SDK to upload a file to it.",https://javaguide.example.com/posts/2025-09-06-aws-essentials-java
82,java,Cloud & DevOps (AWS Focus),"CI/CD with Jenkins & GitLab",High,"JD Requirement: Experience with Jenkins, GitLab CI/CD.","Set up a local Jenkins instance (using Docker). Create a Pipeline job that pulls a simple Java project from Git, builds it with Maven/Gradle, and runs unit tests.",https://javaguide.example.com/posts/2025-09-06-jenkins-gitlab-java
83,java,Data Access & Databases,Advanced Database Indexing,Medium,"Clustered vs Non-Clustered, Filtered Indexes, Included Columns.","Create a query that requires sorting and filtering. Create a Composite Index that satisfies both requirements (Covering Index) so the query doesn't need to touch the main table (Key Lookup).",https://javaguide.example.com/posts/2025-09-06-advanced-indexing-java
84,java,Data Access & Databases,"Advanced SQL Optimization (Oracle/PostgreSQL)",High,"JD Requirement: Expert in Oracle/PostgreSQL. Ability to read execution plans (Explain Analyze), identify Sequential Scans vs Index Scans, and optimize complex joins.","Install PostgreSQL. Write a query that performs a sequential scan. Analyze with 'EXPLAIN ANALYZE'. Create a composite index to convert it to an Index Scan/Seek. Compare performance.",https://javaguide.example.com/posts/2025-09-06-sql-optimization-java
85,java,Data Access & Databases,"Database Concurrency Control (Pessimistic vs. Optimistic)",High,"Handle the 'Lost Update' problem.","Implement Optimistic Concurrency Control using a RowVersion (Timestamp) column in EF Core. Write a test case where two users try to update the same record simultaneously and handle the DbUpdateConcurrencyException.",https://javaguide.example.com/posts/2025-09-06-db-concurrency-java
86,java,Data Access & Databases,Hibernate Filters / @Where,Low,Implement Soft Delete or Multi-tenancy automatically.,"Implement a Soft Delete pattern (IsDeleted column). Configure a Global Query Filter in EF Core so that all queries automatically exclude deleted records. Demonstrate how to bypass this filter using IgnoreQueryFilters().",https://javaguide.example.com/posts/2025-09-06-global-query-filters-java
87,java,Data Access & Databases,"Hibernate Performance (Caching, N+1, Batch Fetching)",High,"Know techniques to optimize EF Core read/write performance.","Write a query that retrieves a large dataset. Optimize it using AsNoTracking(). Then, use Compiled Queries (or just explain the concept) to improve reuse performance. Use Query Splitting for a complex join.",https://javaguide.example.com/posts/2025-09-06-ef-core-performance-java
88,java,Data Access & Databases,JPA Annotations vs XML/Programmatic Config,Medium,Know how to configure entities without polluting the model classes.,"Take an Entity class with Data Annotations (e.g., [Key], [Required]). Remove them and implement the same configuration using the Fluent API in the Repository OnModelCreating method.",https://javaguide.example.com/posts/2025-09-06-fluent-api-java
89,java,Data Access & Databases,"JPA/Hibernate (Entity Lifecycle, Fetch Types, LazyInitialization)",High,"Understand the difference between Tracking and NoTracking queries, and Eager vs Lazy loading.","Create a scenario where accessing a navigation property triggers an N+1 query problem (Lazy Loading). Fix it using Eager Loading (JOIN FETCH).",https://javaguide.example.com/posts/2025-09-06-ef-core-change-tracking-java
90,java,Data Access & Databases,MyBatis/jOOQ vs Hibernate,High,"Know when to use a micro-ORM (MyBatis/jOOQ) vs a full ORM (Hibernate).","Implement a high-performance read operation using MyBatis or jOOQ for a complex report query. Compare execution speed with the equivalent Hibernate query.",https://javaguide.example.com/posts/2025-09-06-dapper-vs-ef-core-java
91,java,Data Access & Databases,Native Queries & Stored Procedures,Low,How to drop down to raw SQL when EF is too slow or limited.,"Write a complex Stored Procedure in the DB. Call it from EF Core using .FromSqlRaw() or .ExecuteSqlRaw(). Map the result back to a Domain Entity or a custom DTO.",https://javaguide.example.com/posts/2025-09-06-raw-sql-java
92,java,Data Access & Databases,NoSQL Database Concepts,Medium,"Understand when to choose NoSQL (CosmosDB, Mongo) over SQL.","Design a data model for a 'User Session' store or a 'Product Catalog' with dynamic attributes. Explain why a Document DB (like MongoDB or CosmosDB) might be better than a Relational DB for this specific use case.",https://javaguide.example.com/posts/2025-09-06-nosql-concepts-java
93,java,Data Access & Databases,Transaction Isolation Levels,High,Understand Dirty Reads, Non-Repeatable Reads, Phantom Reads.,"Write two console apps that act as concurrent transactions. Demonstrate a Dirty Read by having one transaction read uncommitted data from the other. Fix it by changing the Isolation Level to Read Committed.",https://javaguide.example.com/posts/2025-09-06-transaction-isolation-java
94,java,Java Core & Advanced,"Concurrency (CompletableFuture, Virtual Threads, Executors)",High,"Be ready to explain the async state machine and demonstrate with code how a deadlock can occur (e.g., in a UI or classic Spring Boot context) and how appropriate executor configuration helps prevent it.","Create a simple Console App that calls an async method and blocks on the result (e.g., .get() or .join()). Explain why it deadlocks in some environments. Modify the async method to use appropriate executor configuration.",https://javaguide.example.com/posts/2025-09-06-async-await-deep-dive-java
95,java,Java Core & Advanced,"Dependency Injection (Spring IoC, CDI, Scopes)",High,"Explain the differences and when to use each scope in an Spring Boot Core application.","In an Spring Boot Core API, create a simple service interface (e.g., IOperationLogger) and an implementation that has a unique ID. Register this service three times: Singleton, Scoped, and Transient. Inject all three into a controller and log their unique IDs.",https://javaguide.example.com/posts/2025-09-06-dependency-injection-scopes-java
96,java,Java Core & Advanced,"Garbage Collection (G1, ZGC, Memory Leaks, try-with-resources)",High,"Understand how the GC works to write memory-efficient code. Explain the close pattern.","Create a class that wraps an unmanaged resource (like a file stream). Implement the AutoCloseable pattern correctly, including a finalizer. Write client code to demonstrate its use with a 'try-with-resources' statement.",https://javaguide.example.com/posts/2025-09-06-garbage-collection-java
97,java,Java Core & Advanced,"Groovy Scripting (for Jenkins Pipelines)",Medium,"JD Requirement: Preferred skill. Learn basic syntax, closures, and how to write Jenkinsfiles.","Write a simple Groovy script that parses a JSON file and prints specific fields. Then, write a mock 'Jenkinsfile' using declarative syntax that defines a Build, Test, and Deploy stage.",https://javaguide.example.com/posts/2025-09-06-groovy-jenkins-java
98,java,Java Core & Advanced,"Memory Management (Stack vs. Heap, References, Pass-by-Value)",High,Understand value types vs reference types and boxing/unboxing implications.,"Write code that passes a primitive and a class to a method, modifies their properties inside the method, and prints the values before and after the call to demonstrate the difference.",https://javaguide.example.com/posts/2025-09-06-memory-management-java
99,java,Java Core & Advanced,Spring Application Context & Lifecycle,High,"Understand the startup process, DI container composition, and background services (SmartLifecycle / CommandLineRunner).","Create a Spring Boot console application. Register a SmartLifecycle / CommandLineRunner that runs a periodic task. Explain the application lifecycle events (Start, Stop).",https://javaguide.example.com/posts/2025-09-06-generic-host-java
100,java,Java Core & Advanced,"Stream API Internals (Streams vs Collections, Lazy Evaluation)",High,Explain how this impacts database queries with Hibernate.,"Using Hibernate and an in-memory database, write a query against a Repository<Product>. First, use .stream() before a .filter() clause and inspect the generated query. Then, write the same logic but use JPQL/Criteria API directly and explain the difference in the executed SQL.",https://javaguide.example.com/posts/2025-09-06-linq-internals-java
101,java,Java Core & Advanced,"Unit & Integration Testing (JUnit, Mockito, Testcontainers)",High,"JD Requirement: Automate unit and integration testing. Understand mocking vs integration testing with real dependencies (Docker).","Write a unit test for a Service using Mockito to mock the Repository. Then, write an Integration Test using Testcontainers to spin up a real PostgreSQL DB and verify the Repository logic.",https://javaguide.example.com/posts/2025-09-06-testing-java
102,java,Production Operations & ITIL,"Incident Management & Root Cause Analysis (RCA)",High,"JD Requirement: 'Perform root cause analysis'. Understand the lifecycle of an incident and how to document an RCA.","Draft a mock RCA document for a 'High CPU Usage' incident. Include sections for: Timeline, Impact, Root Cause (5 Whys), and Preventative Actions.",https://javaguide.example.com/posts/2025-09-06-itil-rca-java
103,java,Software Design & Architecture,"Design Patterns (Factory, Observer, Strategy, Singleton)",High,Recognize and apply common patterns to solve recurring problems.,"Implement the Strategy Pattern for a Payment Processing system (e.g., CreditCardStrategy, PaypalStrategy). Allow the client to switch strategies at runtime.",https://javaguide.example.com/posts/2025-09-06-design-patterns-java
104,java,Software Design & Architecture,SOLID Principles,High,The foundation of clean object-oriented design.,"Refactor a 'God Class' that violates SRP (Single Responsibility) and OCP (Open/Closed). Break it down into smaller classes/interfaces.",https://javaguide.example.com/posts/2025-09-06-solid-principles-java
105,java,Spring Boot & Web Frameworks,"API Documentation & Versioning (OpenAPI, Strategies)",Medium,"Maintain clear docs for 24/7 operations. Understand versioning (URL, Header) to avoid breaking changes.","Add SpringDoc (Swagger) to an API. Configure it to generate docs. Implement API Versioning (v1/v2) using a URI path strategy.",https://javaguide.example.com/posts/2025-09-06-api-docs-java
106,java,Spring Boot & Web Frameworks,API Security (OWASP Top 10),High,"Focus on SQL Injection, XSS, and CSRF prevention in Spring Boot.","Demonstrate a SQL injection vulnerability using raw SQL interpolation. Then fix it using parameterized queries (or Hibernate).",https://javaguide.example.com/posts/2025-09-06-api-security-java
107,java,Spring Boot & Web Frameworks,Authentication vs. Authorization,High,Clear understanding of Identity (Who are you?) vs Permissions (What can you do?).,"Set up JWT Authentication in an API. Create a policy-based authorization requirement (e.g., 'Must be at least 18 years old') and apply it to an endpoint.",https://javaguide.example.com/posts/2025-09-06-auth-vs-auth-java
108,java,Spring Boot & Web Frameworks,"Deployment (Docker, Kubernetes/EKS)",Medium,"JD Requirement: Docker and Kubernetes experience.","Dockerize a simple Spring Boot API. Create a Kubernetes deployment manifest (YAML) to run 2 replicas of the app. Explain the difference between a Pod and a Service.",https://javaguide.example.com/posts/2025-09-06-hosting-models-java
109,java,Spring Boot & Web Frameworks,Functional Web Framework (Spring WebFlux),Medium,Contrast the Reactive approach with the traditional Controller-based approach.,"Refactor a simple Controller-based API endpoint (e.g., GetWeather) into a Functional Endpoint in a Configuration class. Discuss the pros and cons.",https://javaguide.example.com/posts/2025-09-06-minimal-apis-java
110,java,Spring Boot & Web Frameworks,"Health Checks (Actuator) & Resilience (Resilience4j)",Medium,"Implement health checks for dependencies (DB, external APIs). Understand Retry, Circuit Breaker patterns.","Add Spring Boot Actuator to an API. Expose the /health endpoint. Use Resilience4j to wrap an external HTTP call with a Retry policy.",https://javaguide.example.com/posts/2025-09-06-health-checks-resilience-java
111,java,Spring Boot & Web Frameworks,Servlet Filters & Spring Interceptors,High,"Understand the order of execution (Middleware, Filters, Endpoint) and the responsibility of each.","Create a custom filter that logs the request and response time. Register it in the pipeline. Then create an Interceptor that logs the specific action being executed. Observe the order of logs.",https://javaguide.example.com/posts/2025-09-06-middleware-pipeline-java
112,java,Spring Boot & Web Frameworks,Spring MVC Interceptors & AOP,High,Know the different filter types and their execution order.,"Implement an Authorization Interceptor that checks for a specific custom header. If missing, short-circuit the request. Implement an Exception Handler (@ControllerAdvice) to handle global errors.",https://javaguide.example.com/posts/2025-09-06-filters-java
113,react,Front-End: Core Web,Advanced CSS Layouts (Flexbox & Grid),High,"Discuss the differences between Flexbox and Grid and when to use each. Explain concepts like flex-grow, justify-content, and grid-template-columns.","Recreate a complex, responsive web page layout (like a news site or e-commerce product page) using a combination of CSS Grid for the overall structure and Flexbox for component alignment.",https://nhonvo.github.io/posts/2025-09-06-advanced-css-layouts
114,react,Front-End: Core Web,DOM Manipulation & Events,High,Explain how JavaScript interacts with the DOM. Discuss event bubbling  capturing  and delegation.,"Build a simple to-do list application using vanilla JavaScript. Users should be able to add, delete, and mark items as complete. Use event delegation for the delete and complete actions.",https://nhonvo.github.io/posts/2025-09-06-dom-manipulation-events
115,react,Front-End: Core Web,HTML Semantics & Accessibility,High,"Explain the importance of semantic HTML for SEO and accessibility (WCAG). Differentiate between div/span and semantic tags like article, nav, etc.","Audit a simple webpage for accessibility issues. Refactor non-semantic elements (divs used for buttons or headers) into their correct semantic counterparts (button, h1, etc.) and add necessary ARIA attributes.",https://nhonvo.github.io/posts/2025-09-06-html-semantics-accessibility
116,react,Front-End: Core Web,Modern JavaScript (ES6+),High,"Explain key ES6+ features: Promises, async/await, let/const, arrow functions, and modules. Discuss the browser's event loop.","Refactor a piece of callback-based asynchronous code (callback hell) to use Promises, and then again using async/await. Explain the improvements in readability and error handling.",https://nhonvo.github.io/posts/2025-09-06-modern-javascript
117,react,Front-End: Core Web,Web Performance Optimization,High,"Discuss key web performance metrics (e.g., LCP, FID, CLS). Explain techniques for optimizing performance, such as lazy loading images, code splitting, and browser caching.","Use Lighthouse in Chrome DevTools to audit a web page. Identify performance bottlenecks and implement at least two suggested optimizations (e.g., compressing images, minifying CSS/JS).",https://nhonvo.github.io/posts/2025-09-07-web-performance-optimization
118,react,Front-End: Core Web,Web Workers for Offloading Main Thread,Medium,Explain what Web Workers are and how they can be used to run scripts in the background to prevent a web page from becoming unresponsive during long-running tasks.,"Create a simple web page with a button that performs an expensive calculation (e.g., calculating a large number of Fibonacci numbers). First, run it on the main thread and show that the UI freezes. Then, refactor it to use a Web Worker for the calculation, demonstrating that the UI remains responsive.",https://nhonvo.github.io/posts/2025-09-07-web-workers-for-offloading-main-thread
119,react,Front-End: ReactJS,Advanced State Management with Zustand or Jotai,Medium,Discuss the limitations of Context for high-frequency updates. Explain the core concepts of a modern state management library like Zustand (store-based) or Jotai (atom-based).,"Create a simple counter application. First, implement it using React's useState. Then, refactor it to use Zustand for state management. Explain the benefits of this approach in a larger application.",https://nhonvo.github.io/posts/2025-09-06-advanced-state-management-zustand-jotai
120,react,Front-End: ReactJS,Component Architecture & Lifecycle,High,Explain the difference between functional and class components. Discuss the component lifecycle and the purpose of key lifecycle methods or their Hook equivalents (useEffect).,"Create a reusable React component (e.g., a data table or a modal) and pass props to it. Manage its state and handle events within the component.",https://nhonvo.github.io/posts/2025-09-06-react-component-architecture-lifecycle
121,react,Front-End: ReactJS,Micro-Frontends,Medium,"Explain the concept of micro-frontends and the problems they solve. Discuss different implementation strategies (e.g., module federation).","Conceptually design a micro-frontend architecture for an e-commerce site. Decide which parts of the site would be separate micro-frontends (e.g., product search, shopping cart, recommendations) and how they would be composed into a single application.",https://nhonvo.github.io/posts/2025-09-07-web-performance-optimization
122,react,Front-End: ReactJS,React Hooks Deep Dive,High,"Explain the purpose and usage of useState, useEffect, useContext, and useReducer. Discuss the rules of Hooks.","Refactor a class component that uses lifecycle methods (componentDidMount, componentDidUpdate) and state into a functional component using useState and useEffect hooks.",https://nhonvo.github.io/posts/2025-09-06-react-hooks-deep-dive
123,react,Front-End: ReactJS,React Performance Optimization,Medium,"Discuss common performance bottlenecks in React and how to solve them. Explain concepts like memoization (React.memo), useCallback, useMemo, and code splitting.","Given a slow-rendering React component with an expensive calculation, use useMemo to optimize it. Profile the component using React DevTools before and after to demonstrate the performance improvement.",https://nhonvo.github.io/posts/2025-09-06-react-performance-optimization
124,react,Front-End: ReactJS,React Router & API Integration,High,Explain how to implement client-side routing. Discuss strategies for fetching data from an API  including handling loading and error states.,"Create a multi-page application using React Router. One page should fetch data from a public API (e.g., GitHub or a weather API) and display it to the user, correctly handling the loading and error UI states.",https://nhonvo.github.io/posts/2025-09-06-react-router-api-integration
125,react,Front-End: ReactJS,React Testing,Medium,Explain the difference between unit and end-to-end testing in a React context. Discuss the roles of libraries like Jest and React Testing Library.,"Write unit tests for a React component using Jest and React Testing Library. The tests should cover rendering, user interaction (e.g., clicking a button), and state changes.",https://nhonvo.github.io/posts/2025-09-06-react-testing
126,react,Front-End: ReactJS,"SSR, SSG, and ISR with Next.js/Remix",High,"Explain the differences between Server-Side Rendering, Static Site Generation, and Incremental Static Regeneration. Discuss the trade-offs and which to use for different types of web pages (e.g., a blog vs. a user dashboard).","Create a simple Next.js application with three pages: one that uses SSG (e.g., an 'About' page), one that uses SSR (e.g., a user-specific 'Profile' page), and one that uses ISR (e.g., a 'Products' page that revalidates every 60 seconds).",https://nhonvo.github.io/posts/2025-09-07-ssr-ssg-and-isr-with-nextjs-remix
127,react,Front-End: ReactJS,State Machines and XState,Low,"Discuss the benefits of using a state machine for managing complex component state, such as preventing impossible states. Give a brief overview of a library like XState.","Model a simple data fetching component's state (e.g., 'idle', 'loading', 'success', 'error') as a state machine using XState. Integrate this machine into a React component to manage the UI based on the current state.",https://nhonvo.github.io/posts/2025-09-07-state-machines-and-xstate
128,react,Front-End: ReactJS,State Management (Redux vs. Context API),High,Discuss different state management strategies in large-scale React applications. Compare and contrast Redux and the Context API.,Build a small application with a global theme (light/dark mode). Implement the theme toggle twice: once using the Context API and once using Redux. Discuss the pros and cons of each approach for this use case.,https://nhonvo.github.io/posts/2025-09-06-react-state-management
129,dsa,Data Structures & Algorithms (DSA),Advanced Graph Algorithms,Medium,Understand Dijkstra's algorithm for shortest path in a weighted graph and topological sort for ordering tasks with dependencies. Be aware of algorithms like A* and Prim's/Kruskal's for Minimum Spanning Trees.,"Implement Dijkstra's algorithm to find the shortest path between two nodes in a weighted graph. Given a list of courses and their prerequisites, find a valid order to take the courses (Topological Sort).",https://nhonvo.github.io/posts/2025-09-07-advanced-graph-algorithms
130,dsa,Data Structures & Algorithms (DSA),Advanced String Manipulation,Medium,Be familiar with advanced algorithms like Rabin-Karp for substring search and algorithms for finding the longest palindromic substring.,Implement the Rabin-Karp algorithm to find all occurrences of a pattern in a text. Find the longest palindromic substring in a given string.,https://nhonvo.github.io/posts/2025-09-07-advanced-string-manipulation
131,dsa,Data Structures & Algorithms (DSA),Arrays & Strings - Core Operations and Patterns,High,"Focus on time/space complexity. Master patterns like Two Pointers, Sliding Window, and Prefix Sums for solving a wide range of problems efficiently.","Implement the Two Sum problem. Given a sorted array, square each element and return the sorted result. Find the maximum sum of any contiguous subarray of size 'k' (Sliding Window).",https://nhonvo.github.io/posts/2025-09-07-arrays-strings-core-operations-patterns
132,dsa,Data Structures & Algorithms (DSA),Big O Notation & Complexity Analysis,High,"This is the absolute foundation. Be able to analyze the time and space complexity of any algorithm you write or discuss. Understand O(1), O(log n), O(n), O(n log n), O(n^2), O(2^n).","For every DSA practice problem you solve, verbally and in code comments, analyze and state the time and space complexity of your solution. Explain the reasoning. Compare the complexity of brute-force vs. optimized solutions.",https://nhonvo.github.io/posts/2025-09-07-big-o-notation-complexity-analysis
133,dsa,Data Structures & Algorithms (DSA),Binary Search Trees (BST),High,"Know the properties of a BST. Understand the time complexity for search, insertion, and deletion. Be able to validate if a given tree is a BST.","Implement search, insert, and delete operations for a BST. Write a function to validate if a binary tree is a valid BST. Find the lowest common ancestor (LCA) of two nodes in a BST.",https://nhonvo.github.io/posts/2025-09-07-binary-search-trees-bst
134,dsa,Data Structures & Algorithms (DSA),Bit Manipulation,Low,"Understand basic bitwise operators (AND, OR, XOR, NOT, shifts). Know their use cases for efficient problem-solving, such as finding a missing number, checking for powers of two, or managing sets of flags.","Given an array where every element appears twice except for one, find the single element using XOR. Check if a number is a power of two using bitwise operators. Count the number of set bits (1s) in an integer.",https://nhonvo.github.io/posts/2025-09-07-bit-manipulation
135,dsa,Data Structures & Algorithms (DSA),Divide and Conquer,Medium,"Understand how this paradigm breaks problems into smaller subproblems, solves them recursively, and combines the results. Recognize Merge Sort and Quick Sort as classic examples.",Find the maximum and minimum elements in an array using the divide and conquer approach. Implement Karatsuba's algorithm for fast multiplication of large numbers.,https://nhonvo.github.io/posts/2025-09-07-divide-and-conquer
136,dsa,Data Structures & Algorithms (DSA),Dynamic Programming (DP),High,This is a critical topic for senior interviews. Be able to identify a DP problem by recognizing optimal substructure and overlapping subproblems. Differentiate between memoization (top-down) and tabulation (bottom-up) approaches.,Solve the Climbing Stairs problem. Find the maximum sum of a non-adjacent subarray. Solve the Coin Change problem. Find the Longest Common Subsequence of two strings.,https://nhonvo.github.io/posts/2025-09-07-dynamic-programming-dp
137,dsa,Data Structures & Algorithms (DSA),Graphs - Representations & Traversal,High,Understand adjacency list vs. adjacency matrix representations and their trade-offs. Be proficient in Breadth-First Search (BFS) for shortest path in unweighted graphs and Depth-First Search (DFS) for traversal and cycle detection.,Implement BFS and DFS for a given graph. Clone a graph. Find the number of connected components in an undirected graph. Detect a cycle in a directed graph.,https://nhonvo.github.io/posts/2025-09-07-graphs-representations-traversal
138,dsa,Data Structures & Algorithms (DSA),Greedy Algorithms,Medium,Understand the greedy approach of making a locally optimal choice at each step. Be able to prove or disprove whether a greedy strategy works for a given problem.,Solve the Coin Change problem using a greedy approach and explain why it doesn't work for all coin denominations (contrasting it with the DP solution). Implement Huffman coding. Solve the Activity Selection problem.,https://nhonvo.github.io/posts/2025-09-07-greedy-algorithms
139,dsa,Data Structures & Algorithms (DSA),Hash Tables (Dictionary/HashMap),High,"This is one of the most important data structures. Understand how hashing works, and discuss collision resolution strategies (chaining vs. open addressing) and their trade-offs.","Implement a HashMap from scratch with basic get, put, and delete operations, using chaining for collision resolution. Use a Dictionary to solve problems like finding the first non-repeating character in a string or checking if two arrays have a common item.",https://nhonvo.github.io/posts/2025-09-07-hash-tables-dictionary-hashmap
140,dsa,Data Structures & Algorithms (DSA),"Heaps (Min-Heap, Max-Heap)",Medium,Understand the properties of a heap and how they are typically implemented using an array. Know their use cases for priority queues and finding the K-th smallest/largest element.,Implement a Min-Heap from scratch with insert and extractMin operations. Use a Min-Heap to find the 'K' largest elements in an array. Find the median from a data stream.,https://nhonvo.github.io/posts/2025-09-07-heaps-min-heap-max-heap
141,dsa,Data Structures & Algorithms (DSA),Linked Lists (Singly & Doubly),High,Understand the trade-offs vs. arrays. Be proficient in manipulating pointers. Master patterns like the Fast & Slow Pointer technique for cycle detection and finding the middle element.,Reverse a singly linked list. Detect if a linked list has a cycle. Merge two sorted linked lists. Find the middle element of a linked list.,https://nhonvo.github.io/posts/2025-09-07-linked-lists-singly-doubly
142,dsa,Data Structures & Algorithms (DSA),Recursion & Backtracking,High,"Master recursion as a problem-solving technique. Understand the backtracking template for solving problems involving permutations, combinations, and subsets. Be mindful of the call stack and potential for stack overflow.",Generate all possible subsets of a given set. Find all permutations of a string. Solve the N-Queens problem. Implement a Sudoku solver.,https://nhonvo.github.io/posts/2025-09-07-recursion-backtracking
143,dsa,Data Structures & Algorithms (DSA),Searching & Sorting Algorithms,High,"Know the implementation and complexity of Bubble Sort, Insertion Sort, Merge Sort, Quick Sort, and Radix Sort. Deeply understand the trade-offs, especially for Quick Sort (pivot choice, in-place operation) and Merge Sort (space complexity). Master Binary Search.","Implement Merge Sort and Quick Sort from scratch. Implement binary search on a sorted array. Given a rotated sorted array, find a target element.",https://nhonvo.github.io/posts/2025-09-07-searching-sorting-algorithms
144,dsa,Data Structures & Algorithms (DSA),Stacks & Queues,High,"Understand their LIFO/FIFO principles. Know common use cases: Stacks for parsing, recursion simulation, and reversing. Queues for BFS and task scheduling.",Implement a Queue using two Stacks. Solve the Valid Parentheses problem. Implement a basic calculator to evaluate a string expression. Find the first non-repeating character in a stream of characters.,https://nhonvo.github.io/posts/2025-09-07-stacks-queues
145,dsa,Data Structures & Algorithms (DSA),Trees - Traversal and Core Concepts,High,"Be able to implement and explain the differences between In-order, Pre-order, and Post-order (DFS variations) and Level-order (BFS) traversals, both recursively and iteratively.",Implement all four traversal methods for a given binary tree. Find the maximum depth of a binary tree. Check if a binary tree is symmetric (a mirror of itself).,https://nhonvo.github.io/posts/2025-09-07-trees-traversal-and-core-concepts
146,dsa,Data Structures & Algorithms (DSA),Tries (Prefix Trees),Medium,Understand the structure of a Trie and its efficiency for string prefix problems. Know use cases like autocomplete and spell checkers.,"Implement a Trie from scratch with insert, search, and startsWith methods. Use the Trie to build a simple autocomplete system that suggests words based on a given prefix.",https://nhonvo.github.io/posts/2025-09-07-tries-prefix-trees